mood	svg	png_status	source_xml
mood_abandoned	tmp/apk/how-we-feel-export/svg/mood_abandoned.svg	tmp/apk/how-we-feel-export/png/mood_abandoned.png	tmp/apk/how-we-feel-decoded/res/drawable/mood_abandoned.xml
mood_absorbed	tmp/apk/how-we-feel-export/svg/mood_absorbed.svg	tmp/apk/how-we-feel-export/png/mood_absorbed.png	tmp/apk/how-we-feel-decoded/res/drawable/mood_absorbed.xml
mood_abused	tmp/apk/how-we-feel-export/svg/mood_abused.svg	tmp/apk/how-we-feel-export/png/mood_abused.png	tmp/apk/how-we-feel-decoded/res/drawable/mood_abused.xml
mood_accepted	tmp/apk/how-we-feel-export/svg/mood_accepted.svg	tmp/apk/how-we-feel-export/png/mood_accepted.png	tmp/apk/how-we-feel-decoded/res/drawable/mood_accepted.xml
mood_accomplished	tmp/apk/how-we-feel-export/svg/mood_accomplished.svg	tmp/apk/how-we-feel-export/png/mood_accomplished.png	tmp/apk/how-we-feel-decoded/res/drawable/mood_accomplished.xml
mood_adoring	tmp/apk/how-we-feel-export/svg/mood_adoring.svg	tmp/apk/how-we-feel-export/png/mood_adoring.png	tmp/apk/how-we-feel-decoded/res/drawable/mood_adoring.xml
mood_affectionate	tmp/apk/how-we-feel-export/svg/mood_affectionate.svg	tmp/apk/how-we-feel-export/png/mood_affectionate.png	tmp/apk/how-we-feel-decoded/res/drawable/mood_affectionate.xml
mood_afraid	tmp/apk/how-we-feel-export/svg/mood_afraid.svg	tmp/apk/how-we-feel-export/png/mood_afraid.png	tmp/apk/how-we-feel-decoded/res/drawable/mood_afraid.xml
mood_agitated	tmp/apk/how-we-feel-export/svg/mood_agitated.svg	tmp/apk/how-we-feel-export/png/mood_agitated.png	tmp/apk/how-we-feel-decoded/res/drawable/mood_agitated.xml
mood_alarmed	tmp/apk/how-we-feel-export/svg/mood_alarmed.svg	tmp/apk/how-we-feel-export/png/mood_alarmed.png	tmp/apk/how-we-feel-decoded/res/drawable/mood_alarmed.xml
mood_alert	tmp/apk/how-we-feel-export/svg/mood_alert.svg	tmp/apk/how-we-feel-export/png/mood_alert.png	tmp/apk/how-we-feel-decoded/res/drawable/mood_alert.xml
mood_alienated	tmp/apk/how-we-feel-export/svg/mood_alienated.svg	tmp/apk/how-we-feel-export/png/mood_alienated.png	tmp/apk/how-we-feel-decoded/res/drawable/mood_alienated.xml
mood_alive	tmp/apk/how-we-feel-export/svg/mood_alive.svg	tmp/apk/how-we-feel-export/png/mood_alive.png	tmp/apk/how-we-feel-decoded/res/drawable/mood_alive.xml
mood_amazed	tmp/apk/how-we-feel-export/svg/mood_amazed.svg	tmp/apk/how-we-feel-export/png/mood_amazed.png	tmp/apk/how-we-feel-decoded/res/drawable/mood_amazed.xml
mood_ambivalent	tmp/apk/how-we-feel-export/svg/mood_ambivalent.svg	tmp/apk/how-we-feel-export/png/mood_ambivalent.png	tmp/apk/how-we-feel-decoded/res/drawable/mood_ambivalent.xml
mood_amused	tmp/apk/how-we-feel-export/svg/mood_amused.svg	tmp/apk/how-we-feel-export/png/mood_amused.png	tmp/apk/how-we-feel-decoded/res/drawable/mood_amused.xml
mood_angry	tmp/apk/how-we-feel-export/svg/mood_angry.svg	tmp/apk/how-we-feel-export/png/mood_angry.png	tmp/apk/how-we-feel-decoded/res/drawable/mood_angry.xml
mood_anguished	tmp/apk/how-we-feel-export/svg/mood_anguished.svg	tmp/apk/how-we-feel-export/png/mood_anguished.png	tmp/apk/how-we-feel-decoded/res/drawable/mood_anguished.xml
mood_annoyed	tmp/apk/how-we-feel-export/svg/mood_annoyed.svg	tmp/apk/how-we-feel-export/png/mood_annoyed.png	tmp/apk/how-we-feel-decoded/res/drawable/mood_annoyed.xml
mood_anxious	tmp/apk/how-we-feel-export/svg/mood_anxious.svg	tmp/apk/how-we-feel-export/png/mood_anxious.png	tmp/apk/how-we-feel-decoded/res/drawable/mood_anxious.xml
mood_apathetic	tmp/apk/how-we-feel-export/svg/mood_apathetic.svg	tmp/apk/how-we-feel-export/png/mood_apathetic.png	tmp/apk/how-we-feel-decoded/res/drawable/mood_apathetic.xml
mood_appreciated	tmp/apk/how-we-feel-export/svg/mood_appreciated.svg	tmp/apk/how-we-feel-export/png/mood_appreciated.png	tmp/apk/how-we-feel-decoded/res/drawable/mood_appreciated.xml
mood_apprehensive	tmp/apk/how-we-feel-export/svg/mood_apprehensive.svg	tmp/apk/how-we-feel-export/png/mood_apprehensive.png	tmp/apk/how-we-feel-decoded/res/drawable/mood_apprehensive.xml
mood_ashamed	tmp/apk/how-we-feel-export/svg/mood_ashamed.svg	tmp/apk/how-we-feel-export/png/mood_ashamed.png	tmp/apk/how-we-feel-decoded/res/drawable/mood_ashamed.xml
mood_astonished	tmp/apk/how-we-feel-export/svg/mood_astonished.svg	tmp/apk/how-we-feel-export/png/mood_astonished.png	tmp/apk/how-we-feel-decoded/res/drawable/mood_astonished.xml
mood_at_ease	tmp/apk/how-we-feel-export/svg/mood_at_ease.svg	tmp/apk/how-we-feel-export/png/mood_at_ease.png	tmp/apk/how-we-feel-decoded/res/drawable/mood_at_ease.xml
mood_attentive	tmp/apk/how-we-feel-export/svg/mood_attentive.svg	tmp/apk/how-we-feel-export/png/mood_attentive.png	tmp/apk/how-we-feel-decoded/res/drawable/mood_attentive.xml
mood_avoidant	tmp/apk/how-we-feel-export/svg/mood_avoidant.svg	tmp/apk/how-we-feel-export/png/mood_avoidant.png	tmp/apk/how-we-feel-decoded/res/drawable/mood_avoidant.xml
mood_awe	tmp/apk/how-we-feel-export/svg/mood_awe.svg	tmp/apk/how-we-feel-export/png/mood_awe.png	tmp/apk/how-we-feel-decoded/res/drawable/mood_awe.xml
mood_balanced	tmp/apk/how-we-feel-export/svg/mood_balanced.svg	tmp/apk/how-we-feel-export/png/mood_balanced.png	tmp/apk/how-we-feel-decoded/res/drawable/mood_balanced.xml
mood_bereft	tmp/apk/how-we-feel-export/svg/mood_bereft.svg	tmp/apk/how-we-feel-export/png/mood_bereft.png	tmp/apk/how-we-feel-decoded/res/drawable/mood_bereft.xml
mood_betrayed	tmp/apk/how-we-feel-export/svg/mood_betrayed.svg	tmp/apk/how-we-feel-export/png/mood_betrayed.png	tmp/apk/how-we-feel-decoded/res/drawable/mood_betrayed.xml
mood_bleh	tmp/apk/how-we-feel-export/svg/mood_bleh.svg	tmp/apk/how-we-feel-export/png/mood_bleh.png	tmp/apk/how-we-feel-decoded/res/drawable/mood_bleh.xml
mood_blessed	tmp/apk/how-we-feel-export/svg/mood_blessed.svg	tmp/apk/how-we-feel-export/png/mood_blessed.png	tmp/apk/how-we-feel-decoded/res/drawable/mood_blessed.xml
mood_blissful	tmp/apk/how-we-feel-export/svg/mood_blissful.svg	tmp/apk/how-we-feel-export/png/mood_blissful.png	tmp/apk/how-we-feel-decoded/res/drawable/mood_blissful.xml
mood_blue	tmp/apk/how-we-feel-export/svg/mood_blue.svg	tmp/apk/how-we-feel-export/png/mood_blue.png	tmp/apk/how-we-feel-decoded/res/drawable/mood_blue.xml
mood_bored	tmp/apk/how-we-feel-export/svg/mood_bored.svg	tmp/apk/how-we-feel-export/png/mood_bored.png	tmp/apk/how-we-feel-decoded/res/drawable/mood_bored.xml
mood_brooding	tmp/apk/how-we-feel-export/svg/mood_brooding.svg	tmp/apk/how-we-feel-export/png/mood_brooding.png	tmp/apk/how-we-feel-decoded/res/drawable/mood_brooding.xml
mood_buoyant	tmp/apk/how-we-feel-export/svg/mood_buoyant.svg	tmp/apk/how-we-feel-export/png/mood_buoyant.png	tmp/apk/how-we-feel-decoded/res/drawable/mood_buoyant.xml
mood_burdened	tmp/apk/how-we-feel-export/svg/mood_burdened.svg	tmp/apk/how-we-feel-export/png/mood_burdened.png	tmp/apk/how-we-feel-decoded/res/drawable/mood_burdened.xml
mood_burned_out	tmp/apk/how-we-feel-export/svg/mood_burned_out.svg	tmp/apk/how-we-feel-export/png/mood_burned_out.png	tmp/apk/how-we-feel-decoded/res/drawable/mood_burned_out.xml
mood_calm	tmp/apk/how-we-feel-export/svg/mood_calm.svg	tmp/apk/how-we-feel-export/png/mood_calm.png	tmp/apk/how-we-feel-decoded/res/drawable/mood_calm.xml
mood_cancelled	tmp/apk/how-we-feel-export/svg/mood_cancelled.svg	tmp/apk/how-we-feel-export/png/mood_cancelled.png	tmp/apk/how-we-feel-decoded/res/drawable/mood_cancelled.xml
mood_carefree	tmp/apk/how-we-feel-export/svg/mood_carefree.svg	tmp/apk/how-we-feel-export/png/mood_carefree.png	tmp/apk/how-we-feel-decoded/res/drawable/mood_carefree.xml
mood_challenged	tmp/apk/how-we-feel-export/svg/mood_challenged.svg	tmp/apk/how-we-feel-export/png/mood_challenged.png	tmp/apk/how-we-feel-decoded/res/drawable/mood_challenged.xml
mood_chatty	tmp/apk/how-we-feel-export/svg/mood_chatty.svg	tmp/apk/how-we-feel-export/png/mood_chatty.png	tmp/apk/how-we-feel-decoded/res/drawable/mood_chatty.xml
mood_cheerful	tmp/apk/how-we-feel-export/svg/mood_cheerful.svg	tmp/apk/how-we-feel-export/png/mood_cheerful.png	tmp/apk/how-we-feel-decoded/res/drawable/mood_cheerful.xml
mood_chill	tmp/apk/how-we-feel-export/svg/mood_chill.svg	tmp/apk/how-we-feel-export/png/mood_chill.png	tmp/apk/how-we-feel-decoded/res/drawable/mood_chill.xml
mood_clear	tmp/apk/how-we-feel-export/svg/mood_clear.svg	tmp/apk/how-we-feel-export/png/mood_clear.png	tmp/apk/how-we-feel-decoded/res/drawable/mood_clear.xml
mood_comfortable	tmp/apk/how-we-feel-export/svg/mood_comfortable.svg	tmp/apk/how-we-feel-export/png/mood_comfortable.png	tmp/apk/how-we-feel-decoded/res/drawable/mood_comfortable.xml
mood_compassionate	tmp/apk/how-we-feel-export/svg/mood_compassionate.svg	tmp/apk/how-we-feel-export/png/mood_compassionate.png	tmp/apk/how-we-feel-decoded/res/drawable/mood_compassionate.xml
mood_competent	tmp/apk/how-we-feel-export/svg/mood_competent.svg	tmp/apk/how-we-feel-export/png/mood_competent.png	tmp/apk/how-we-feel-decoded/res/drawable/mood_competent.xml
mood_concerned	tmp/apk/how-we-feel-export/svg/mood_concerned.svg	tmp/apk/how-we-feel-export/png/mood_concerned.png	tmp/apk/how-we-feel-decoded/res/drawable/mood_concerned.xml
mood_confident	tmp/apk/how-we-feel-export/svg/mood_confident.svg	tmp/apk/how-we-feel-export/png/mood_confident.png	tmp/apk/how-we-feel-decoded/res/drawable/mood_confident.xml
mood_conflicted	tmp/apk/how-we-feel-export/svg/mood_conflicted.svg	tmp/apk/how-we-feel-export/png/mood_conflicted.png	tmp/apk/how-we-feel-decoded/res/drawable/mood_conflicted.xml
mood_confused	tmp/apk/how-we-feel-export/svg/mood_confused.svg	tmp/apk/how-we-feel-export/png/mood_confused.png	tmp/apk/how-we-feel-decoded/res/drawable/mood_confused.xml
mood_connected	tmp/apk/how-we-feel-export/svg/mood_connected.svg	tmp/apk/how-we-feel-export/png/mood_connected.png	tmp/apk/how-we-feel-decoded/res/drawable/mood_connected.xml
mood_contemplative	tmp/apk/how-we-feel-export/svg/mood_contemplative.svg	tmp/apk/how-we-feel-export/png/mood_contemplative.png	tmp/apk/how-we-feel-decoded/res/drawable/mood_contemplative.xml
mood_contempt	tmp/apk/how-we-feel-export/svg/mood_contempt.svg	tmp/apk/how-we-feel-export/png/mood_contempt.png	tmp/apk/how-we-feel-decoded/res/drawable/mood_contempt.xml
mood_content	tmp/apk/how-we-feel-export/svg/mood_content.svg	tmp/apk/how-we-feel-export/png/mood_content.png	tmp/apk/how-we-feel-decoded/res/drawable/mood_content.xml
mood_copacetic	tmp/apk/how-we-feel-export/svg/mood_copacetic.svg	tmp/apk/how-we-feel-export/png/mood_copacetic.png	tmp/apk/how-we-feel-decoded/res/drawable/mood_copacetic.xml
mood_crushed	tmp/apk/how-we-feel-export/svg/mood_crushed.svg	tmp/apk/how-we-feel-export/png/mood_crushed.png	tmp/apk/how-we-feel-decoded/res/drawable/mood_crushed.xml
mood_curious	tmp/apk/how-we-feel-export/svg/mood_curious.svg	tmp/apk/how-we-feel-export/png/mood_curious.png	tmp/apk/how-we-feel-decoded/res/drawable/mood_curious.xml
mood_dazed	tmp/apk/how-we-feel-export/svg/mood_dazed.svg	tmp/apk/how-we-feel-export/png/mood_dazed.png	tmp/apk/how-we-feel-decoded/res/drawable/mood_dazed.xml
mood_dead_inside	tmp/apk/how-we-feel-export/svg/mood_dead_inside.svg	tmp/apk/how-we-feel-export/png/mood_dead_inside.png	tmp/apk/how-we-feel-decoded/res/drawable/mood_dead_inside.xml
mood_defeated	tmp/apk/how-we-feel-export/svg/mood_defeated.svg	tmp/apk/how-we-feel-export/png/mood_defeated.png	tmp/apk/how-we-feel-decoded/res/drawable/mood_defeated.xml
mood_deficient	tmp/apk/how-we-feel-export/svg/mood_deficient.svg	tmp/apk/how-we-feel-export/png/mood_deficient.png	tmp/apk/how-we-feel-decoded/res/drawable/mood_deficient.xml
mood_dejected	tmp/apk/how-we-feel-export/svg/mood_dejected.svg	tmp/apk/how-we-feel-export/png/mood_dejected.png	tmp/apk/how-we-feel-decoded/res/drawable/mood_dejected.xml
mood_delighted	tmp/apk/how-we-feel-export/svg/mood_delighted.svg	tmp/apk/how-we-feel-export/png/mood_delighted.png	tmp/apk/how-we-feel-decoded/res/drawable/mood_delighted.xml
mood_depressed	tmp/apk/how-we-feel-export/svg/mood_depressed.svg	tmp/apk/how-we-feel-export/png/mood_depressed.png	tmp/apk/how-we-feel-decoded/res/drawable/mood_depressed.xml
mood_desire	tmp/apk/how-we-feel-export/svg/mood_desire.svg	tmp/apk/how-we-feel-export/png/mood_desire.png	tmp/apk/how-we-feel-decoded/res/drawable/mood_desire.xml
mood_desolate	tmp/apk/how-we-feel-export/svg/mood_desolate.svg	tmp/apk/how-we-feel-export/png/mood_desolate.png	tmp/apk/how-we-feel-decoded/res/drawable/mood_desolate.xml
mood_despair	tmp/apk/how-we-feel-export/svg/mood_despair.svg	tmp/apk/how-we-feel-export/png/mood_despair.png	tmp/apk/how-we-feel-decoded/res/drawable/mood_despair.xml
mood_despondent	tmp/apk/how-we-feel-export/svg/mood_despondent.svg	tmp/apk/how-we-feel-export/png/mood_despondent.png	tmp/apk/how-we-feel-decoded/res/drawable/mood_despondent.xml
mood_determined	tmp/apk/how-we-feel-export/svg/mood_determined.svg	tmp/apk/how-we-feel-export/png/mood_determined.png	tmp/apk/how-we-feel-decoded/res/drawable/mood_determined.xml
mood_disappointed	tmp/apk/how-we-feel-export/svg/mood_disappointed.svg	tmp/apk/how-we-feel-export/png/mood_disappointed.png	tmp/apk/how-we-feel-decoded/res/drawable/mood_disappointed.xml
mood_discombobulated	tmp/apk/how-we-feel-export/svg/mood_discombobulated.svg	tmp/apk/how-we-feel-export/png/mood_discombobulated.png	tmp/apk/how-we-feel-decoded/res/drawable/mood_discombobulated.xml
mood_discomfort	tmp/apk/how-we-feel-export/svg/mood_discomfort.svg	tmp/apk/how-we-feel-export/png/mood_discomfort.png	tmp/apk/how-we-feel-decoded/res/drawable/mood_discomfort.xml
mood_disconnected	tmp/apk/how-we-feel-export/svg/mood_disconnected.svg	tmp/apk/how-we-feel-export/png/mood_disconnected.png	tmp/apk/how-we-feel-decoded/res/drawable/mood_disconnected.xml
mood_discontented	tmp/apk/how-we-feel-export/svg/mood_discontented.svg	tmp/apk/how-we-feel-export/png/mood_discontented.png	tmp/apk/how-we-feel-decoded/res/drawable/mood_discontented.xml
mood_discouraged	tmp/apk/how-we-feel-export/svg/mood_discouraged.svg	tmp/apk/how-we-feel-export/png/mood_discouraged.png	tmp/apk/how-we-feel-decoded/res/drawable/mood_discouraged.xml
mood_disenchanted	tmp/apk/how-we-feel-export/svg/mood_disenchanted.svg	tmp/apk/how-we-feel-export/png/mood_disenchanted.png	tmp/apk/how-we-feel-decoded/res/drawable/mood_disenchanted.xml
mood_disengaged	tmp/apk/how-we-feel-export/svg/mood_disengaged.svg	tmp/apk/how-we-feel-export/png/mood_disengaged.png	tmp/apk/how-we-feel-decoded/res/drawable/mood_disengaged.xml
mood_disgraced	tmp/apk/how-we-feel-export/svg/mood_disgraced.svg	tmp/apk/how-we-feel-export/png/mood_disgraced.png	tmp/apk/how-we-feel-decoded/res/drawable/mood_disgraced.xml
mood_disgruntled	tmp/apk/how-we-feel-export/svg/mood_disgruntled.svg	tmp/apk/how-we-feel-export/png/mood_disgruntled.png	tmp/apk/how-we-feel-decoded/res/drawable/mood_disgruntled.xml
mood_disgusted	tmp/apk/how-we-feel-export/svg/mood_disgusted.svg	tmp/apk/how-we-feel-export/png/mood_disgusted.png	tmp/apk/how-we-feel-decoded/res/drawable/mood_disgusted.xml
mood_disheartened	tmp/apk/how-we-feel-export/svg/mood_disheartened.svg	tmp/apk/how-we-feel-export/png/mood_disheartened.png	tmp/apk/how-we-feel-decoded/res/drawable/mood_disheartened.xml
mood_disillusioned	tmp/apk/how-we-feel-export/svg/mood_disillusioned.svg	tmp/apk/how-we-feel-export/png/mood_disillusioned.png	tmp/apk/how-we-feel-decoded/res/drawable/mood_disillusioned.xml
mood_dispirited	tmp/apk/how-we-feel-export/svg/mood_dispirited.svg	tmp/apk/how-we-feel-export/png/mood_dispirited.png	tmp/apk/how-we-feel-decoded/res/drawable/mood_dispirited.xml
mood_displeased	tmp/apk/how-we-feel-export/svg/mood_displeased.svg	tmp/apk/how-we-feel-export/png/mood_displeased.png	tmp/apk/how-we-feel-decoded/res/drawable/mood_displeased.xml
mood_disrespected	tmp/apk/how-we-feel-export/svg/mood_disrespected.svg	tmp/apk/how-we-feel-export/png/mood_disrespected.png	tmp/apk/how-we-feel-decoded/res/drawable/mood_disrespected.xml
mood_dissatisfied	tmp/apk/how-we-feel-export/svg/mood_dissatisfied.svg	tmp/apk/how-we-feel-export/png/mood_dissatisfied.png	tmp/apk/how-we-feel-decoded/res/drawable/mood_dissatisfied.xml
mood_distracted	tmp/apk/how-we-feel-export/svg/mood_distracted.svg	tmp/apk/how-we-feel-export/png/mood_distracted.png	tmp/apk/how-we-feel-decoded/res/drawable/mood_distracted.xml
mood_distressed	tmp/apk/how-we-feel-export/svg/mood_distressed.svg	tmp/apk/how-we-feel-export/png/mood_distressed.png	tmp/apk/how-we-feel-decoded/res/drawable/mood_distressed.xml
mood_down	tmp/apk/how-we-feel-export/svg/mood_down.svg	tmp/apk/how-we-feel-export/png/mood_down.png	tmp/apk/how-we-feel-decoded/res/drawable/mood_down.xml
mood_dread	tmp/apk/how-we-feel-export/svg/mood_dread.svg	tmp/apk/how-we-feel-export/png/mood_dread.png	tmp/apk/how-we-feel-decoded/res/drawable/mood_dread.xml
mood_dumbfounded	tmp/apk/how-we-feel-export/svg/mood_dumbfounded.svg	tmp/apk/how-we-feel-export/png/mood_dumbfounded.png	tmp/apk/how-we-feel-decoded/res/drawable/mood_dumbfounded.xml
mood_dysregulated	tmp/apk/how-we-feel-export/svg/mood_dysregulated.svg	tmp/apk/how-we-feel-export/png/mood_dysregulated.png	tmp/apk/how-we-feel-decoded/res/drawable/mood_dysregulated.xml
mood_eager	tmp/apk/how-we-feel-export/svg/mood_eager.svg	tmp/apk/how-we-feel-export/png/mood_eager.png	tmp/apk/how-we-feel-decoded/res/drawable/mood_eager.xml
mood_ecstatic	tmp/apk/how-we-feel-export/svg/mood_ecstatic.svg	tmp/apk/how-we-feel-export/png/mood_ecstatic.png	tmp/apk/how-we-feel-decoded/res/drawable/mood_ecstatic.xml
mood_elated	tmp/apk/how-we-feel-export/svg/mood_elated.svg	tmp/apk/how-we-feel-export/png/mood_elated.png	tmp/apk/how-we-feel-decoded/res/drawable/mood_elated.xml
mood_embarrassed	tmp/apk/how-we-feel-export/svg/mood_embarrassed.svg	tmp/apk/how-we-feel-export/png/mood_embarrassed.png	tmp/apk/how-we-feel-decoded/res/drawable/mood_embarrassed.xml
mood_empathetic	tmp/apk/how-we-feel-export/svg/mood_empathetic.svg	tmp/apk/how-we-feel-export/png/mood_empathetic.png	tmp/apk/how-we-feel-decoded/res/drawable/mood_empathetic.xml
mood_empowered	tmp/apk/how-we-feel-export/svg/mood_empowered.svg	tmp/apk/how-we-feel-export/png/mood_empowered.png	tmp/apk/how-we-feel-decoded/res/drawable/mood_empowered.xml
mood_empty	tmp/apk/how-we-feel-export/svg/mood_empty.svg	tmp/apk/how-we-feel-export/png/mood_empty.png	tmp/apk/how-we-feel-decoded/res/drawable/mood_empty.xml
mood_enchanted	tmp/apk/how-we-feel-export/svg/mood_enchanted.svg	tmp/apk/how-we-feel-export/png/mood_enchanted.png	tmp/apk/how-we-feel-decoded/res/drawable/mood_enchanted.xml
mood_encouraged	tmp/apk/how-we-feel-export/svg/mood_encouraged.svg	tmp/apk/how-we-feel-export/png/mood_encouraged.png	tmp/apk/how-we-feel-decoded/res/drawable/mood_encouraged.xml
mood_energized	tmp/apk/how-we-feel-export/svg/mood_energized.svg	tmp/apk/how-we-feel-export/png/mood_energized.png	tmp/apk/how-we-feel-decoded/res/drawable/mood_energized.xml
mood_engaged	tmp/apk/how-we-feel-export/svg/mood_engaged.svg	tmp/apk/how-we-feel-export/png/mood_engaged.png	tmp/apk/how-we-feel-decoded/res/drawable/mood_engaged.xml
mood_engrossed	tmp/apk/how-we-feel-export/svg/mood_engrossed.svg	tmp/apk/how-we-feel-export/png/mood_engrossed.png	tmp/apk/how-we-feel-decoded/res/drawable/mood_engrossed.xml
mood_enjoyment	tmp/apk/how-we-feel-export/svg/mood_enjoyment.svg	tmp/apk/how-we-feel-export/png/mood_enjoyment.png	tmp/apk/how-we-feel-decoded/res/drawable/mood_enjoyment.xml
mood_enraged	tmp/apk/how-we-feel-export/svg/mood_enraged.svg	tmp/apk/how-we-feel-export/png/mood_enraged.png	tmp/apk/how-we-feel-decoded/res/drawable/mood_enraged.xml
mood_enraptured	tmp/apk/how-we-feel-export/svg/mood_enraptured.svg	tmp/apk/how-we-feel-export/png/mood_enraptured.png	tmp/apk/how-we-feel-decoded/res/drawable/mood_enraptured.xml
mood_enthralled	tmp/apk/how-we-feel-export/svg/mood_enthralled.svg	tmp/apk/how-we-feel-export/png/mood_enthralled.png	tmp/apk/how-we-feel-decoded/res/drawable/mood_enthralled.xml
mood_enthusiastic	tmp/apk/how-we-feel-export/svg/mood_enthusiastic.svg	tmp/apk/how-we-feel-export/png/mood_enthusiastic.png	tmp/apk/how-we-feel-decoded/res/drawable/mood_enthusiastic.xml
mood_envious	tmp/apk/how-we-feel-export/svg/mood_envious.svg	tmp/apk/how-we-feel-export/png/mood_envious.png	tmp/apk/how-we-feel-decoded/res/drawable/mood_envious.xml
mood_euphoric	tmp/apk/how-we-feel-export/svg/mood_euphoric.svg	tmp/apk/how-we-feel-export/png/mood_euphoric.png	tmp/apk/how-we-feel-decoded/res/drawable/mood_euphoric.xml
mood_even_tempered	tmp/apk/how-we-feel-export/svg/mood_even_tempered.svg	tmp/apk/how-we-feel-export/png/mood_even_tempered.png	tmp/apk/how-we-feel-decoded/res/drawable/mood_even_tempered.xml
mood_exasperated	tmp/apk/how-we-feel-export/svg/mood_exasperated.svg	tmp/apk/how-we-feel-export/png/mood_exasperated.png	tmp/apk/how-we-feel-decoded/res/drawable/mood_exasperated.xml
mood_excited	tmp/apk/how-we-feel-export/svg/mood_excited.svg	tmp/apk/how-we-feel-export/png/mood_excited.png	tmp/apk/how-we-feel-decoded/res/drawable/mood_excited.xml
mood_excluded	tmp/apk/how-we-feel-export/svg/mood_excluded.svg	tmp/apk/how-we-feel-export/png/mood_excluded.png	tmp/apk/how-we-feel-decoded/res/drawable/mood_excluded.xml
mood_exhausted	tmp/apk/how-we-feel-export/svg/mood_exhausted.svg	tmp/apk/how-we-feel-export/png/mood_exhausted.png	tmp/apk/how-we-feel-decoded/res/drawable/mood_exhausted.xml
mood_exhilarated	tmp/apk/how-we-feel-export/svg/mood_exhilarated.svg	tmp/apk/how-we-feel-export/png/mood_exhilarated.png	tmp/apk/how-we-feel-decoded/res/drawable/mood_exhilarated.xml
mood_fascinated	tmp/apk/how-we-feel-export/svg/mood_fascinated.svg	tmp/apk/how-we-feel-export/png/mood_fascinated.png	tmp/apk/how-we-feel-decoded/res/drawable/mood_fascinated.xml
mood_fatigued	tmp/apk/how-we-feel-export/svg/mood_fatigued.svg	tmp/apk/how-we-feel-export/png/mood_fatigued.png	tmp/apk/how-we-feel-decoded/res/drawable/mood_fatigued.xml
mood_flabbergasted	tmp/apk/how-we-feel-export/svg/mood_flabbergasted.svg	tmp/apk/how-we-feel-export/png/mood_flabbergasted.png	tmp/apk/how-we-feel-decoded/res/drawable/mood_flabbergasted.xml
mood_focused	tmp/apk/how-we-feel-export/svg/mood_focused.svg	tmp/apk/how-we-feel-export/png/mood_focused.png	tmp/apk/how-we-feel-decoded/res/drawable/mood_focused.xml
mood_fomo	tmp/apk/how-we-feel-export/svg/mood_fomo.svg	tmp/apk/how-we-feel-export/png/mood_fomo.png	tmp/apk/how-we-feel-decoded/res/drawable/mood_fomo.xml
mood_foolish	tmp/apk/how-we-feel-export/svg/mood_foolish.svg	tmp/apk/how-we-feel-export/png/mood_foolish.png	tmp/apk/how-we-feel-decoded/res/drawable/mood_foolish.xml
mood_forlorn	tmp/apk/how-we-feel-export/svg/mood_forlorn.svg	tmp/apk/how-we-feel-export/png/mood_forlorn.png	tmp/apk/how-we-feel-decoded/res/drawable/mood_forlorn.xml
mood_fragile	tmp/apk/how-we-feel-export/svg/mood_fragile.svg	tmp/apk/how-we-feel-export/png/mood_fragile.png	tmp/apk/how-we-feel-decoded/res/drawable/mood_fragile.xml
mood_frazzled	tmp/apk/how-we-feel-export/svg/mood_frazzled.svg	tmp/apk/how-we-feel-export/png/mood_frazzled.png	tmp/apk/how-we-feel-decoded/res/drawable/mood_frazzled.xml
mood_frightened	tmp/apk/how-we-feel-export/svg/mood_frightened.svg	tmp/apk/how-we-feel-export/png/mood_frightened.png	tmp/apk/how-we-feel-decoded/res/drawable/mood_frightened.xml
mood_frozen	tmp/apk/how-we-feel-export/svg/mood_frozen.svg	tmp/apk/how-we-feel-export/png/mood_frozen.png	tmp/apk/how-we-feel-decoded/res/drawable/mood_frozen.xml
mood_frustrated	tmp/apk/how-we-feel-export/svg/mood_frustrated.svg	tmp/apk/how-we-feel-export/png/mood_frustrated.png	tmp/apk/how-we-feel-decoded/res/drawable/mood_frustrated.xml
mood_fulfilled	tmp/apk/how-we-feel-export/svg/mood_fulfilled.svg	tmp/apk/how-we-feel-export/png/mood_fulfilled.png	tmp/apk/how-we-feel-decoded/res/drawable/mood_fulfilled.xml
mood_furious	tmp/apk/how-we-feel-export/svg/mood_furious.svg	tmp/apk/how-we-feel-export/png/mood_furious.png	tmp/apk/how-we-feel-decoded/res/drawable/mood_furious.xml
mood_gaslit	tmp/apk/how-we-feel-export/svg/mood_gaslit.svg	tmp/apk/how-we-feel-export/png/mood_gaslit.png	tmp/apk/how-we-feel-decoded/res/drawable/mood_gaslit.xml
mood_ghosted	tmp/apk/how-we-feel-export/svg/mood_ghosted.svg	tmp/apk/how-we-feel-export/png/mood_ghosted.png	tmp/apk/how-we-feel-decoded/res/drawable/mood_ghosted.xml
mood_glad	tmp/apk/how-we-feel-export/svg/mood_glad.svg	tmp/apk/how-we-feel-export/png/mood_glad.png	tmp/apk/how-we-feel-decoded/res/drawable/mood_glad.xml
mood_glowing	tmp/apk/how-we-feel-export/svg/mood_glowing.svg	tmp/apk/how-we-feel-export/png/mood_glowing.png	tmp/apk/how-we-feel-decoded/res/drawable/mood_glowing.xml
mood_glum	tmp/apk/how-we-feel-export/svg/mood_glum.svg	tmp/apk/how-we-feel-export/png/mood_glum.png	tmp/apk/how-we-feel-decoded/res/drawable/mood_glum.xml
mood_good	tmp/apk/how-we-feel-export/svg/mood_good.svg	tmp/apk/how-we-feel-export/png/mood_good.png	tmp/apk/how-we-feel-decoded/res/drawable/mood_good.xml
mood_goofy	tmp/apk/how-we-feel-export/svg/mood_goofy.svg	tmp/apk/how-we-feel-export/png/mood_goofy.png	tmp/apk/how-we-feel-decoded/res/drawable/mood_goofy.xml
mood_grateful	tmp/apk/how-we-feel-export/svg/mood_grateful.svg	tmp/apk/how-we-feel-export/png/mood_grateful.png	tmp/apk/how-we-feel-decoded/res/drawable/mood_grateful.xml
mood_grief	tmp/apk/how-we-feel-export/svg/mood_grief.svg	tmp/apk/how-we-feel-export/png/mood_grief.png	tmp/apk/how-we-feel-decoded/res/drawable/mood_grief.xml
mood_groggy	tmp/apk/how-we-feel-export/svg/mood_groggy.svg	tmp/apk/how-we-feel-export/png/mood_groggy.png	tmp/apk/how-we-feel-decoded/res/drawable/mood_groggy.xml
mood_grounded	tmp/apk/how-we-feel-export/svg/mood_grounded.svg	tmp/apk/how-we-feel-export/png/mood_grounded.png	tmp/apk/how-we-feel-decoded/res/drawable/mood_grounded.xml
mood_grumpy	tmp/apk/how-we-feel-export/svg/mood_grumpy.svg	tmp/apk/how-we-feel-export/png/mood_grumpy.png	tmp/apk/how-we-feel-decoded/res/drawable/mood_grumpy.xml
mood_guilty	tmp/apk/how-we-feel-export/svg/mood_guilty.svg	tmp/apk/how-we-feel-export/png/mood_guilty.png	tmp/apk/how-we-feel-decoded/res/drawable/mood_guilty.xml
mood_happy	tmp/apk/how-we-feel-export/svg/mood_happy.svg	tmp/apk/how-we-feel-export/png/mood_happy.png	tmp/apk/how-we-feel-decoded/res/drawable/mood_happy.xml
mood_hate	tmp/apk/how-we-feel-export/svg/mood_hate.svg	tmp/apk/how-we-feel-export/png/mood_hate.png	tmp/apk/how-we-feel-decoded/res/drawable/mood_hate.xml
mood_heard	tmp/apk/how-we-feel-export/svg/mood_heard.svg	tmp/apk/how-we-feel-export/png/mood_heard.png	tmp/apk/how-we-feel-decoded/res/drawable/mood_heard.xml
mood_heartbroken	tmp/apk/how-we-feel-export/svg/mood_heartbroken.svg	tmp/apk/how-we-feel-export/png/mood_heartbroken.png	tmp/apk/how-we-feel-decoded/res/drawable/mood_heartbroken.xml
mood_helpless	tmp/apk/how-we-feel-export/svg/mood_helpless.svg	tmp/apk/how-we-feel-export/png/mood_helpless.png	tmp/apk/how-we-feel-decoded/res/drawable/mood_helpless.xml
mood_hesitant	tmp/apk/how-we-feel-export/svg/mood_hesitant.svg	tmp/apk/how-we-feel-export/png/mood_hesitant.png	tmp/apk/how-we-feel-decoded/res/drawable/mood_hesitant.xml
mood_hollow	tmp/apk/how-we-feel-export/svg/mood_hollow.svg	tmp/apk/how-we-feel-export/png/mood_hollow.png	tmp/apk/how-we-feel-decoded/res/drawable/mood_hollow.xml
mood_homesick	tmp/apk/how-we-feel-export/svg/mood_homesick.svg	tmp/apk/how-we-feel-export/png/mood_homesick.png	tmp/apk/how-we-feel-decoded/res/drawable/mood_homesick.xml
mood_hopeful	tmp/apk/how-we-feel-export/svg/mood_hopeful.svg	tmp/apk/how-we-feel-export/png/mood_hopeful.png	tmp/apk/how-we-feel-decoded/res/drawable/mood_hopeful.xml
mood_hopeless	tmp/apk/how-we-feel-export/svg/mood_hopeless.svg	tmp/apk/how-we-feel-export/png/mood_hopeless.png	tmp/apk/how-we-feel-decoded/res/drawable/mood_hopeless.xml
mood_horrified	tmp/apk/how-we-feel-export/svg/mood_horrified.svg	tmp/apk/how-we-feel-export/png/mood_horrified.png	tmp/apk/how-we-feel-decoded/res/drawable/mood_horrified.xml
mood_humiliated	tmp/apk/how-we-feel-export/svg/mood_humiliated.svg	tmp/apk/how-we-feel-export/png/mood_humiliated.png	tmp/apk/how-we-feel-decoded/res/drawable/mood_humiliated.xml
mood_hurting	tmp/apk/how-we-feel-export/svg/mood_hurting.svg	tmp/apk/how-we-feel-export/png/mood_hurting.png	tmp/apk/how-we-feel-decoded/res/drawable/mood_hurting.xml
mood_hyper	tmp/apk/how-we-feel-export/svg/mood_hyper.svg	tmp/apk/how-we-feel-export/png/mood_hyper.png	tmp/apk/how-we-feel-decoded/res/drawable/mood_hyper.xml
mood_icky	tmp/apk/how-we-feel-export/svg/mood_icky.svg	tmp/apk/how-we-feel-export/png/mood_icky.png	tmp/apk/how-we-feel-decoded/res/drawable/mood_icky.xml
mood_impassioned	tmp/apk/how-we-feel-export/svg/mood_impassioned.svg	tmp/apk/how-we-feel-export/png/mood_impassioned.png	tmp/apk/how-we-feel-decoded/res/drawable/mood_impassioned.xml
mood_imperturbable	tmp/apk/how-we-feel-export/svg/mood_imperturbable.svg	tmp/apk/how-we-feel-export/png/mood_imperturbable.png	tmp/apk/how-we-feel-decoded/res/drawable/mood_imperturbable.xml
mood_in_awe	tmp/apk/how-we-feel-export/svg/mood_in_awe.svg	tmp/apk/how-we-feel-export/png/mood_in_awe.png	tmp/apk/how-we-feel-decoded/res/drawable/mood_in_awe.xml
mood_in_love	tmp/apk/how-we-feel-export/svg/mood_in_love.svg	tmp/apk/how-we-feel-export/png/mood_in_love.png	tmp/apk/how-we-feel-decoded/res/drawable/mood_in_love.xml
mood_inadequate	tmp/apk/how-we-feel-export/svg/mood_inadequate.svg	tmp/apk/how-we-feel-export/png/mood_inadequate.png	tmp/apk/how-we-feel-decoded/res/drawable/mood_inadequate.xml
mood_included	tmp/apk/how-we-feel-export/svg/mood_included.svg	tmp/apk/how-we-feel-export/png/mood_included.png	tmp/apk/how-we-feel-decoded/res/drawable/mood_included.xml
mood_incompetent	tmp/apk/how-we-feel-export/svg/mood_incompetent.svg	tmp/apk/how-we-feel-export/png/mood_incompetent.png	tmp/apk/how-we-feel-decoded/res/drawable/mood_incompetent.xml
mood_indecisive	tmp/apk/how-we-feel-export/svg/mood_indecisive.svg	tmp/apk/how-we-feel-export/png/mood_indecisive.png	tmp/apk/how-we-feel-decoded/res/drawable/mood_indecisive.xml
mood_indifferent	tmp/apk/how-we-feel-export/svg/mood_indifferent.svg	tmp/apk/how-we-feel-export/png/mood_indifferent.png	tmp/apk/how-we-feel-decoded/res/drawable/mood_indifferent.xml
mood_indignant	tmp/apk/how-we-feel-export/svg/mood_indignant.svg	tmp/apk/how-we-feel-export/png/mood_indignant.png	tmp/apk/how-we-feel-decoded/res/drawable/mood_indignant.xml
mood_infatuated	tmp/apk/how-we-feel-export/svg/mood_infatuated.svg	tmp/apk/how-we-feel-export/png/mood_infatuated.png	tmp/apk/how-we-feel-decoded/res/drawable/mood_infatuated.xml
mood_insecure	tmp/apk/how-we-feel-export/svg/mood_insecure.svg	tmp/apk/how-we-feel-export/png/mood_insecure.png	tmp/apk/how-we-feel-decoded/res/drawable/mood_insecure.xml
mood_inspired	tmp/apk/how-we-feel-export/svg/mood_inspired.svg	tmp/apk/how-we-feel-export/png/mood_inspired.png	tmp/apk/how-we-feel-decoded/res/drawable/mood_inspired.xml
mood_interested	tmp/apk/how-we-feel-export/svg/mood_interested.svg	tmp/apk/how-we-feel-export/png/mood_interested.png	tmp/apk/how-we-feel-decoded/res/drawable/mood_interested.xml
mood_invalidated	tmp/apk/how-we-feel-export/svg/mood_invalidated.svg	tmp/apk/how-we-feel-export/png/mood_invalidated.png	tmp/apk/how-we-feel-decoded/res/drawable/mood_invalidated.xml
mood_irate	tmp/apk/how-we-feel-export/svg/mood_irate.svg	tmp/apk/how-we-feel-export/png/mood_irate.png	tmp/apk/how-we-feel-decoded/res/drawable/mood_irate.xml
mood_irked	tmp/apk/how-we-feel-export/svg/mood_irked.svg	tmp/apk/how-we-feel-export/png/mood_irked.png	tmp/apk/how-we-feel-decoded/res/drawable/mood_irked.xml
mood_irritable	tmp/apk/how-we-feel-export/svg/mood_irritable.svg	tmp/apk/how-we-feel-export/png/mood_irritable.png	tmp/apk/how-we-feel-decoded/res/drawable/mood_irritable.xml
mood_irritated	tmp/apk/how-we-feel-export/svg/mood_irritated.svg	tmp/apk/how-we-feel-export/png/mood_irritated.png	tmp/apk/how-we-feel-decoded/res/drawable/mood_irritated.xml
mood_isolated	tmp/apk/how-we-feel-export/svg/mood_isolated.svg	tmp/apk/how-we-feel-export/png/mood_isolated.png	tmp/apk/how-we-feel-decoded/res/drawable/mood_isolated.xml
mood_jealous	tmp/apk/how-we-feel-export/svg/mood_jealous.svg	tmp/apk/how-we-feel-export/png/mood_jealous.png	tmp/apk/how-we-feel-decoded/res/drawable/mood_jealous.xml
mood_jilted	tmp/apk/how-we-feel-export/svg/mood_jilted.svg	tmp/apk/how-we-feel-export/png/mood_jilted.png	tmp/apk/how-we-feel-decoded/res/drawable/mood_jilted.xml
mood_jittery	tmp/apk/how-we-feel-export/svg/mood_jittery.svg	tmp/apk/how-we-feel-export/png/mood_jittery.png	tmp/apk/how-we-feel-decoded/res/drawable/mood_jittery.xml
mood_joyful	tmp/apk/how-we-feel-export/svg/mood_joyful.svg	tmp/apk/how-we-feel-export/png/mood_joyful.png	tmp/apk/how-we-feel-decoded/res/drawable/mood_joyful.xml
mood_judged	tmp/apk/how-we-feel-export/svg/mood_judged.svg	tmp/apk/how-we-feel-export/png/mood_judged.png	tmp/apk/how-we-feel-decoded/res/drawable/mood_judged.xml
mood_lazy	tmp/apk/how-we-feel-export/svg/mood_lazy.svg	tmp/apk/how-we-feel-export/png/mood_lazy.png	tmp/apk/how-we-feel-decoded/res/drawable/mood_lazy.xml
mood_letdown	tmp/apk/how-we-feel-export/svg/mood_letdown.svg	tmp/apk/how-we-feel-export/png/mood_letdown.png	tmp/apk/how-we-feel-decoded/res/drawable/mood_letdown.xml
mood_livid	tmp/apk/how-we-feel-export/svg/mood_livid.svg	tmp/apk/how-we-feel-export/png/mood_livid.png	tmp/apk/how-we-feel-decoded/res/drawable/mood_livid.xml
mood_lonely	tmp/apk/how-we-feel-export/svg/mood_lonely.svg	tmp/apk/how-we-feel-export/png/mood_lonely.png	tmp/apk/how-we-feel-decoded/res/drawable/mood_lonely.xml
mood_longing	tmp/apk/how-we-feel-export/svg/mood_longing.svg	tmp/apk/how-we-feel-export/png/mood_longing.png	tmp/apk/how-we-feel-decoded/res/drawable/mood_longing.xml
mood_lost	tmp/apk/how-we-feel-export/svg/mood_lost.svg	tmp/apk/how-we-feel-export/png/mood_lost.png	tmp/apk/how-we-feel-decoded/res/drawable/mood_lost.xml
mood_loved	tmp/apk/how-we-feel-export/svg/mood_loved.svg	tmp/apk/how-we-feel-export/png/mood_loved.png	tmp/apk/how-we-feel-decoded/res/drawable/mood_loved.xml
mood_lovesick	tmp/apk/how-we-feel-export/svg/mood_lovesick.svg	tmp/apk/how-we-feel-export/png/mood_lovesick.png	tmp/apk/how-we-feel-decoded/res/drawable/mood_lovesick.xml
mood_loving	tmp/apk/how-we-feel-export/svg/mood_loving.svg	tmp/apk/how-we-feel-export/png/mood_loving.png	tmp/apk/how-we-feel-decoded/res/drawable/mood_loving.xml
mood_mad	tmp/apk/how-we-feel-export/svg/mood_mad.svg	tmp/apk/how-we-feel-export/png/mood_mad.png	tmp/apk/how-we-feel-decoded/res/drawable/mood_mad.xml
mood_malaised	tmp/apk/how-we-feel-export/svg/mood_malaised.svg	tmp/apk/how-we-feel-export/png/mood_malaised.png	tmp/apk/how-we-feel-decoded/res/drawable/mood_malaised.xml
mood_meh	tmp/apk/how-we-feel-export/svg/mood_meh.svg	tmp/apk/how-we-feel-export/png/mood_meh.png	tmp/apk/how-we-feel-decoded/res/drawable/mood_meh.xml
mood_melancholic	tmp/apk/how-we-feel-export/svg/mood_melancholic.svg	tmp/apk/how-we-feel-export/png/mood_melancholic.png	tmp/apk/how-we-feel-decoded/res/drawable/mood_melancholic.xml
mood_mellow	tmp/apk/how-we-feel-export/svg/mood_mellow.svg	tmp/apk/how-we-feel-export/png/mood_mellow.png	tmp/apk/how-we-feel-decoded/res/drawable/mood_mellow.xml
mood_minimized	tmp/apk/how-we-feel-export/svg/mood_minimized.svg	tmp/apk/how-we-feel-export/png/mood_minimized.png	tmp/apk/how-we-feel-decoded/res/drawable/mood_minimized.xml
mood_miserable	tmp/apk/how-we-feel-export/svg/mood_miserable.svg	tmp/apk/how-we-feel-export/png/mood_miserable.png	tmp/apk/how-we-feel-decoded/res/drawable/mood_miserable.xml
mood_morose	tmp/apk/how-we-feel-export/svg/mood_morose.svg	tmp/apk/how-we-feel-export/png/mood_morose.png	tmp/apk/how-we-feel-decoded/res/drawable/mood_morose.xml
mood_motivated	tmp/apk/how-we-feel-export/svg/mood_motivated.svg	tmp/apk/how-we-feel-export/png/mood_motivated.png	tmp/apk/how-we-feel-decoded/res/drawable/mood_motivated.xml
mood_moved	tmp/apk/how-we-feel-export/svg/mood_moved.svg	tmp/apk/how-we-feel-export/png/mood_moved.png	tmp/apk/how-we-feel-decoded/res/drawable/mood_moved.xml
mood_nauseated	tmp/apk/how-we-feel-export/svg/mood_nauseated.svg	tmp/apk/how-we-feel-export/png/mood_nauseated.png	tmp/apk/how-we-feel-decoded/res/drawable/mood_nauseated.xml
mood_neglected	tmp/apk/how-we-feel-export/svg/mood_neglected.svg	tmp/apk/how-we-feel-export/png/mood_neglected.png	tmp/apk/how-we-feel-decoded/res/drawable/mood_neglected.xml
mood_nervous	tmp/apk/how-we-feel-export/svg/mood_nervous.svg	tmp/apk/how-we-feel-export/png/mood_nervous.png	tmp/apk/how-we-feel-decoded/res/drawable/mood_nervous.xml
mood_nostalgic	tmp/apk/how-we-feel-export/svg/mood_nostalgic.svg	tmp/apk/how-we-feel-export/png/mood_nostalgic.png	tmp/apk/how-we-feel-decoded/res/drawable/mood_nostalgic.xml
mood_numb	tmp/apk/how-we-feel-export/svg/mood_numb.svg	tmp/apk/how-we-feel-export/png/mood_numb.png	tmp/apk/how-we-feel-decoded/res/drawable/mood_numb.xml
mood_obsessed	tmp/apk/how-we-feel-export/svg/mood_obsessed.svg	tmp/apk/how-we-feel-export/png/mood_obsessed.png	tmp/apk/how-we-feel-decoded/res/drawable/mood_obsessed.xml
mood_ok	tmp/apk/how-we-feel-export/svg/mood_ok.svg	tmp/apk/how-we-feel-export/png/mood_ok.png	tmp/apk/how-we-feel-decoded/res/drawable/mood_ok.xml
mood_optimistic	tmp/apk/how-we-feel-export/svg/mood_optimistic.svg	tmp/apk/how-we-feel-export/png/mood_optimistic.png	tmp/apk/how-we-feel-decoded/res/drawable/mood_optimistic.xml
mood_overjoyed	tmp/apk/how-we-feel-export/svg/mood_overjoyed.svg	tmp/apk/how-we-feel-export/png/mood_overjoyed.png	tmp/apk/how-we-feel-decoded/res/drawable/mood_overjoyed.xml
mood_overwhelmed	tmp/apk/how-we-feel-export/svg/mood_overwhelmed.svg	tmp/apk/how-we-feel-export/png/mood_overwhelmed.png	tmp/apk/how-we-feel-decoded/res/drawable/mood_overwhelmed.xml
mood_painful	tmp/apk/how-we-feel-export/svg/mood_painful.svg	tmp/apk/how-we-feel-export/png/mood_painful.png	tmp/apk/how-we-feel-decoded/res/drawable/mood_painful.xml
mood_panicked	tmp/apk/how-we-feel-export/svg/mood_panicked.svg	tmp/apk/how-we-feel-export/png/mood_panicked.png	tmp/apk/how-we-feel-decoded/res/drawable/mood_panicked.xml
mood_passionate	tmp/apk/how-we-feel-export/svg/mood_passionate.svg	tmp/apk/how-we-feel-export/png/mood_passionate.png	tmp/apk/how-we-feel-decoded/res/drawable/mood_passionate.xml
mood_pathetic	tmp/apk/how-we-feel-export/svg/mood_pathetic.svg	tmp/apk/how-we-feel-export/png/mood_pathetic.png	tmp/apk/how-we-feel-decoded/res/drawable/mood_pathetic.xml
mood_peaceful	tmp/apk/how-we-feel-export/svg/mood_peaceful.svg	tmp/apk/how-we-feel-export/png/mood_peaceful.png	tmp/apk/how-we-feel-decoded/res/drawable/mood_peaceful.xml
mood_peeved	tmp/apk/how-we-feel-export/svg/mood_peeved.svg	tmp/apk/how-we-feel-export/png/mood_peeved.png	tmp/apk/how-we-feel-decoded/res/drawable/mood_peeved.xml
mood_pensive	tmp/apk/how-we-feel-export/svg/mood_pensive.svg	tmp/apk/how-we-feel-export/png/mood_pensive.png	tmp/apk/how-we-feel-decoded/res/drawable/mood_pensive.xml
mood_pessimistic	tmp/apk/how-we-feel-export/svg/mood_pessimistic.svg	tmp/apk/how-we-feel-export/png/mood_pessimistic.png	tmp/apk/how-we-feel-decoded/res/drawable/mood_pessimistic.xml
mood_pissed	tmp/apk/how-we-feel-export/svg/mood_pissed.svg	tmp/apk/how-we-feel-export/png/mood_pissed.png	tmp/apk/how-we-feel-decoded/res/drawable/mood_pissed.xml
mood_playful	tmp/apk/how-we-feel-export/svg/mood_playful.svg	tmp/apk/how-we-feel-export/png/mood_playful.png	tmp/apk/how-we-feel-decoded/res/drawable/mood_playful.xml
mood_pleasant	tmp/apk/how-we-feel-export/svg/mood_pleasant.svg	tmp/apk/how-we-feel-export/png/mood_pleasant.png	tmp/apk/how-we-feel-decoded/res/drawable/mood_pleasant.xml
mood_pleased	tmp/apk/how-we-feel-export/svg/mood_pleased.svg	tmp/apk/how-we-feel-export/png/mood_pleased.png	tmp/apk/how-we-feel-decoded/res/drawable/mood_pleased.xml
mood_poised	tmp/apk/how-we-feel-export/svg/mood_poised.svg	tmp/apk/how-we-feel-export/png/mood_poised.png	tmp/apk/how-we-feel-decoded/res/drawable/mood_poised.xml
mood_poopy	tmp/apk/how-we-feel-export/svg/mood_poopy.svg	tmp/apk/how-we-feel-export/png/mood_poopy.png	tmp/apk/how-we-feel-decoded/res/drawable/mood_poopy.xml
mood_present	tmp/apk/how-we-feel-export/svg/mood_present.svg	tmp/apk/how-we-feel-export/png/mood_present.png	tmp/apk/how-we-feel-decoded/res/drawable/mood_present.xml
mood_pressured	tmp/apk/how-we-feel-export/svg/mood_pressured.svg	tmp/apk/how-we-feel-export/png/mood_pressured.png	tmp/apk/how-we-feel-decoded/res/drawable/mood_pressured.xml
mood_productive	tmp/apk/how-we-feel-export/svg/mood_productive.svg	tmp/apk/how-we-feel-export/png/mood_productive.png	tmp/apk/how-we-feel-decoded/res/drawable/mood_productive.xml
mood_protective	tmp/apk/how-we-feel-export/svg/mood_protective.svg	tmp/apk/how-we-feel-export/png/mood_protective.png	tmp/apk/how-we-feel-decoded/res/drawable/mood_protective.xml
mood_proud	tmp/apk/how-we-feel-export/svg/mood_proud.svg	tmp/apk/how-we-feel-export/png/mood_proud.png	tmp/apk/how-we-feel-decoded/res/drawable/mood_proud.xml
mood_refreshed	tmp/apk/how-we-feel-export/svg/mood_refreshed.svg	tmp/apk/how-we-feel-export/png/mood_refreshed.png	tmp/apk/how-we-feel-decoded/res/drawable/mood_refreshed.xml
mood_regretful	tmp/apk/how-we-feel-export/svg/mood_regretful.svg	tmp/apk/how-we-feel-export/png/mood_regretful.png	tmp/apk/how-we-feel-decoded/res/drawable/mood_regretful.xml
mood_reinvigorated	tmp/apk/how-we-feel-export/svg/mood_reinvigorated.svg	tmp/apk/how-we-feel-export/png/mood_reinvigorated.png	tmp/apk/how-we-feel-decoded/res/drawable/mood_reinvigorated.xml
mood_rejected	tmp/apk/how-we-feel-export/svg/mood_rejected.svg	tmp/apk/how-we-feel-export/png/mood_rejected.png	tmp/apk/how-we-feel-decoded/res/drawable/mood_rejected.xml
mood_rejuvenated	tmp/apk/how-we-feel-export/svg/mood_rejuvenated.svg	tmp/apk/how-we-feel-export/png/mood_rejuvenated.png	tmp/apk/how-we-feel-decoded/res/drawable/mood_rejuvenated.xml
mood_relaxed	tmp/apk/how-we-feel-export/svg/mood_relaxed.svg	tmp/apk/how-we-feel-export/png/mood_relaxed.png	tmp/apk/how-we-feel-decoded/res/drawable/mood_relaxed.xml
mood_relieved	tmp/apk/how-we-feel-export/svg/mood_relieved.svg	tmp/apk/how-we-feel-export/png/mood_relieved.png	tmp/apk/how-we-feel-decoded/res/drawable/mood_relieved.xml
mood_remorseful	tmp/apk/how-we-feel-export/svg/mood_remorseful.svg	tmp/apk/how-we-feel-export/png/mood_remorseful.png	tmp/apk/how-we-feel-decoded/res/drawable/mood_remorseful.xml
mood_repulsed	tmp/apk/how-we-feel-export/svg/mood_repulsed.svg	tmp/apk/how-we-feel-export/png/mood_repulsed.png	tmp/apk/how-we-feel-decoded/res/drawable/mood_repulsed.xml
mood_resentful	tmp/apk/how-we-feel-export/svg/mood_resentful.svg	tmp/apk/how-we-feel-export/png/mood_resentful.png	tmp/apk/how-we-feel-decoded/res/drawable/mood_resentful.xml
mood_resigned	tmp/apk/how-we-feel-export/svg/mood_resigned.svg	tmp/apk/how-we-feel-export/png/mood_resigned.png	tmp/apk/how-we-feel-decoded/res/drawable/mood_resigned.xml
mood_respected	tmp/apk/how-we-feel-export/svg/mood_respected.svg	tmp/apk/how-we-feel-export/png/mood_respected.png	tmp/apk/how-we-feel-decoded/res/drawable/mood_respected.xml
mood_restless	tmp/apk/how-we-feel-export/svg/mood_restless.svg	tmp/apk/how-we-feel-export/png/mood_restless.png	tmp/apk/how-we-feel-decoded/res/drawable/mood_restless.xml
mood_reverent	tmp/apk/how-we-feel-export/svg/mood_reverent.svg	tmp/apk/how-we-feel-export/png/mood_reverent.png	tmp/apk/how-we-feel-decoded/res/drawable/mood_reverent.xml
mood_romantic	tmp/apk/how-we-feel-export/svg/mood_romantic.svg	tmp/apk/how-we-feel-export/png/mood_romantic.png	tmp/apk/how-we-feel-decoded/res/drawable/mood_romantic.xml
mood_rushed	tmp/apk/how-we-feel-export/svg/mood_rushed.svg	tmp/apk/how-we-feel-export/png/mood_rushed.png	tmp/apk/how-we-feel-decoded/res/drawable/mood_rushed.xml
mood_sad	tmp/apk/how-we-feel-export/svg/mood_sad.svg	tmp/apk/how-we-feel-export/png/mood_sad.png	tmp/apk/how-we-feel-decoded/res/drawable/mood_sad.xml
mood_safe	tmp/apk/how-we-feel-export/svg/mood_safe.svg	tmp/apk/how-we-feel-export/png/mood_safe.png	tmp/apk/how-we-feel-decoded/res/drawable/mood_safe.xml
mood_satisfied	tmp/apk/how-we-feel-export/svg/mood_satisfied.svg	tmp/apk/how-we-feel-export/png/mood_satisfied.png	tmp/apk/how-we-feel-decoded/res/drawable/mood_satisfied.xml
mood_scared	tmp/apk/how-we-feel-export/svg/mood_scared.svg	tmp/apk/how-we-feel-export/png/mood_scared.png	tmp/apk/how-we-feel-decoded/res/drawable/mood_scared.xml
mood_scorn	tmp/apk/how-we-feel-export/svg/mood_scorn.svg	tmp/apk/how-we-feel-export/png/mood_scorn.png	tmp/apk/how-we-feel-decoded/res/drawable/mood_scorn.xml
mood_secure	tmp/apk/how-we-feel-export/svg/mood_secure.svg	tmp/apk/how-we-feel-export/png/mood_secure.png	tmp/apk/how-we-feel-decoded/res/drawable/mood_secure.xml
mood_sensual	tmp/apk/how-we-feel-export/svg/mood_sensual.svg	tmp/apk/how-we-feel-export/png/mood_sensual.png	tmp/apk/how-we-feel-decoded/res/drawable/mood_sensual.xml
mood_serene	tmp/apk/how-we-feel-export/svg/mood_serene.svg	tmp/apk/how-we-feel-export/png/mood_serene.png	tmp/apk/how-we-feel-decoded/res/drawable/mood_serene.xml
mood_shocked	tmp/apk/how-we-feel-export/svg/mood_shocked.svg	tmp/apk/how-we-feel-export/png/mood_shocked.png	tmp/apk/how-we-feel-decoded/res/drawable/mood_shocked.xml
mood_silly	tmp/apk/how-we-feel-export/svg/mood_silly.svg	tmp/apk/how-we-feel-export/png/mood_silly.png	tmp/apk/how-we-feel-decoded/res/drawable/mood_silly.xml
mood_sleepy	tmp/apk/how-we-feel-export/svg/mood_sleepy.svg	tmp/apk/how-we-feel-export/png/mood_sleepy.png	tmp/apk/how-we-feel-decoded/res/drawable/mood_sleepy.xml
mood_solemn	tmp/apk/how-we-feel-export/svg/mood_solemn.svg	tmp/apk/how-we-feel-export/png/mood_solemn.png	tmp/apk/how-we-feel-decoded/res/drawable/mood_solemn.xml
mood_sorrowful	tmp/apk/how-we-feel-export/svg/mood_sorrowful.svg	tmp/apk/how-we-feel-export/png/mood_sorrowful.png	tmp/apk/how-we-feel-decoded/res/drawable/mood_sorrowful.xml
mood_spent	tmp/apk/how-we-feel-export/svg/mood_spent.svg	tmp/apk/how-we-feel-export/png/mood_spent.png	tmp/apk/how-we-feel-decoded/res/drawable/mood_spent.xml
mood_spiteful	tmp/apk/how-we-feel-export/svg/mood_spiteful.svg	tmp/apk/how-we-feel-export/png/mood_spiteful.png	tmp/apk/how-we-feel-decoded/res/drawable/mood_spiteful.xml
mood_stable	tmp/apk/how-we-feel-export/svg/mood_stable.svg	tmp/apk/how-we-feel-export/png/mood_stable.png	tmp/apk/how-we-feel-decoded/res/drawable/mood_stable.xml
mood_startled	tmp/apk/how-we-feel-export/svg/mood_startled.svg	tmp/apk/how-we-feel-export/png/mood_startled.png	tmp/apk/how-we-feel-decoded/res/drawable/mood_startled.xml
mood_stoked	tmp/apk/how-we-feel-export/svg/mood_stoked.svg	tmp/apk/how-we-feel-export/png/mood_stoked.png	tmp/apk/how-we-feel-decoded/res/drawable/mood_stoked.xml
mood_strained	tmp/apk/how-we-feel-export/svg/mood_strained.svg	tmp/apk/how-we-feel-export/png/mood_strained.png	tmp/apk/how-we-feel-decoded/res/drawable/mood_strained.xml
mood_stressed	tmp/apk/how-we-feel-export/svg/mood_stressed.svg	tmp/apk/how-we-feel-export/png/mood_stressed.png	tmp/apk/how-we-feel-decoded/res/drawable/mood_stressed.xml
mood_stuck	tmp/apk/how-we-feel-export/svg/mood_stuck.svg	tmp/apk/how-we-feel-export/png/mood_stuck.png	tmp/apk/how-we-feel-decoded/res/drawable/mood_stuck.xml
mood_stunned	tmp/apk/how-we-feel-export/svg/mood_stunned.svg	tmp/apk/how-we-feel-export/png/mood_stunned.png	tmp/apk/how-we-feel-decoded/res/drawable/mood_stunned.xml
mood_successful	tmp/apk/how-we-feel-export/svg/mood_successful.svg	tmp/apk/how-we-feel-export/png/mood_successful.png	tmp/apk/how-we-feel-decoded/res/drawable/mood_successful.xml
mood_suffocated	tmp/apk/how-we-feel-export/svg/mood_suffocated.svg	tmp/apk/how-we-feel-export/png/mood_suffocated.png	tmp/apk/how-we-feel-decoded/res/drawable/mood_suffocated.xml
mood_sullen	tmp/apk/how-we-feel-export/svg/mood_sullen.svg	tmp/apk/how-we-feel-export/png/mood_sullen.png	tmp/apk/how-we-feel-decoded/res/drawable/mood_sullen.xml
mood_supported	tmp/apk/how-we-feel-export/svg/mood_supported.svg	tmp/apk/how-we-feel-export/png/mood_supported.png	tmp/apk/how-we-feel-decoded/res/drawable/mood_supported.xml
mood_surprised	tmp/apk/how-we-feel-export/svg/mood_surprised.svg	tmp/apk/how-we-feel-export/png/mood_surprised.png	tmp/apk/how-we-feel-decoded/res/drawable/mood_surprised.xml
mood_sympathetic	tmp/apk/how-we-feel-export/svg/mood_sympathetic.svg	tmp/apk/how-we-feel-export/png/mood_sympathetic.png	tmp/apk/how-we-feel-decoded/res/drawable/mood_sympathetic.xml
mood_taken_aback	tmp/apk/how-we-feel-export/svg/mood_taken_aback.svg	tmp/apk/how-we-feel-export/png/mood_taken_aback.png	tmp/apk/how-we-feel-decoded/res/drawable/mood_taken_aback.xml
mood_talkative	tmp/apk/how-we-feel-export/svg/mood_talkative.svg	tmp/apk/how-we-feel-export/png/mood_talkative.png	tmp/apk/how-we-feel-decoded/res/drawable/mood_talkative.xml
mood_tenderness	tmp/apk/how-we-feel-export/svg/mood_tenderness.svg	tmp/apk/how-we-feel-export/png/mood_tenderness.png	tmp/apk/how-we-feel-decoded/res/drawable/mood_tenderness.xml
mood_tense	tmp/apk/how-we-feel-export/svg/mood_tense.svg	tmp/apk/how-we-feel-export/png/mood_tense.png	tmp/apk/how-we-feel-decoded/res/drawable/mood_tense.xml
mood_terrified	tmp/apk/how-we-feel-export/svg/mood_terrified.svg	tmp/apk/how-we-feel-export/png/mood_terrified.png	tmp/apk/how-we-feel-decoded/res/drawable/mood_terrified.xml
mood_thankful	tmp/apk/how-we-feel-export/svg/mood_thankful.svg	tmp/apk/how-we-feel-export/png/mood_thankful.png	tmp/apk/how-we-feel-decoded/res/drawable/mood_thankful.xml
mood_thoughtful	tmp/apk/how-we-feel-export/svg/mood_thoughtful.svg	tmp/apk/how-we-feel-export/png/mood_thoughtful.png	tmp/apk/how-we-feel-decoded/res/drawable/mood_thoughtful.xml
mood_thrilled	tmp/apk/how-we-feel-export/svg/mood_thrilled.svg	tmp/apk/how-we-feel-export/png/mood_thrilled.png	tmp/apk/how-we-feel-decoded/res/drawable/mood_thrilled.xml
mood_tired	tmp/apk/how-we-feel-export/svg/mood_tired.svg	tmp/apk/how-we-feel-export/png/mood_tired.png	tmp/apk/how-we-feel-decoded/res/drawable/mood_tired.xml
mood_touched	tmp/apk/how-we-feel-export/svg/mood_touched.svg	tmp/apk/how-we-feel-export/png/mood_touched.png	tmp/apk/how-we-feel-decoded/res/drawable/mood_touched.xml
mood_tranquil	tmp/apk/how-we-feel-export/svg/mood_tranquil.svg	tmp/apk/how-we-feel-export/png/mood_tranquil.png	tmp/apk/how-we-feel-decoded/res/drawable/mood_tranquil.xml
mood_trapped	tmp/apk/how-we-feel-export/svg/mood_trapped.svg	tmp/apk/how-we-feel-export/png/mood_trapped.png	tmp/apk/how-we-feel-decoded/res/drawable/mood_trapped.xml
mood_triggered	tmp/apk/how-we-feel-export/svg/mood_triggered.svg	tmp/apk/how-we-feel-export/png/mood_triggered.png	tmp/apk/how-we-feel-decoded/res/drawable/mood_triggered.xml
mood_troubled	tmp/apk/how-we-feel-export/svg/mood_troubled.svg	tmp/apk/how-we-feel-export/png/mood_troubled.png	tmp/apk/how-we-feel-decoded/res/drawable/mood_troubled.xml
mood_turned_off	tmp/apk/how-we-feel-export/svg/mood_turned_off.svg	tmp/apk/how-we-feel-export/png/mood_turned_off.png	tmp/apk/how-we-feel-decoded/res/drawable/mood_turned_off.xml
mood_unappreciated	tmp/apk/how-we-feel-export/svg/mood_unappreciated.svg	tmp/apk/how-we-feel-export/png/mood_unappreciated.png	tmp/apk/how-we-feel-decoded/res/drawable/mood_unappreciated.xml
mood_unbothered	tmp/apk/how-we-feel-export/svg/mood_unbothered.svg	tmp/apk/how-we-feel-export/png/mood_unbothered.png	tmp/apk/how-we-feel-decoded/res/drawable/mood_unbothered.xml
mood_uncertain	tmp/apk/how-we-feel-export/svg/mood_uncertain.svg	tmp/apk/how-we-feel-export/png/mood_uncertain.png	tmp/apk/how-we-feel-decoded/res/drawable/mood_uncertain.xml
mood_uncomfortable	tmp/apk/how-we-feel-export/svg/mood_uncomfortable.svg	tmp/apk/how-we-feel-export/png/mood_uncomfortable.png	tmp/apk/how-we-feel-decoded/res/drawable/mood_uncomfortable.xml
mood_understood	tmp/apk/how-we-feel-export/svg/mood_understood.svg	tmp/apk/how-we-feel-export/png/mood_understood.png	tmp/apk/how-we-feel-decoded/res/drawable/mood_understood.xml
mood_undervalued	tmp/apk/how-we-feel-export/svg/mood_undervalued.svg	tmp/apk/how-we-feel-export/png/mood_undervalued.png	tmp/apk/how-we-feel-decoded/res/drawable/mood_undervalued.xml
mood_uneasy	tmp/apk/how-we-feel-export/svg/mood_uneasy.svg	tmp/apk/how-we-feel-export/png/mood_uneasy.png	tmp/apk/how-we-feel-decoded/res/drawable/mood_uneasy.xml
mood_unhappy	tmp/apk/how-we-feel-export/svg/mood_unhappy.svg	tmp/apk/how-we-feel-export/png/mood_unhappy.png	tmp/apk/how-we-feel-decoded/res/drawable/mood_unhappy.xml
mood_unmotivated	tmp/apk/how-we-feel-export/svg/mood_unmotivated.svg	tmp/apk/how-we-feel-export/png/mood_unmotivated.png	tmp/apk/how-we-feel-decoded/res/drawable/mood_unmotivated.xml
mood_unseen	tmp/apk/how-we-feel-export/svg/mood_unseen.svg	tmp/apk/how-we-feel-export/png/mood_unseen.png	tmp/apk/how-we-feel-decoded/res/drawable/mood_unseen.xml
mood_unstable	tmp/apk/how-we-feel-export/svg/mood_unstable.svg	tmp/apk/how-we-feel-export/png/mood_unstable.png	tmp/apk/how-we-feel-decoded/res/drawable/mood_unstable.xml
mood_upbeat	tmp/apk/how-we-feel-export/svg/mood_upbeat.svg	tmp/apk/how-we-feel-export/png/mood_upbeat.png	tmp/apk/how-we-feel-decoded/res/drawable/mood_upbeat.xml
mood_upset	tmp/apk/how-we-feel-export/svg/mood_upset.svg	tmp/apk/how-we-feel-export/png/mood_upset.png	tmp/apk/how-we-feel-decoded/res/drawable/mood_upset.xml
mood_validated	tmp/apk/how-we-feel-export/svg/mood_validated.svg	tmp/apk/how-we-feel-export/png/mood_validated.png	tmp/apk/how-we-feel-decoded/res/drawable/mood_validated.xml
mood_valued	tmp/apk/how-we-feel-export/svg/mood_valued.svg	tmp/apk/how-we-feel-export/png/mood_valued.png	tmp/apk/how-we-feel-decoded/res/drawable/mood_valued.xml
mood_vengeful	tmp/apk/how-we-feel-export/svg/mood_vengeful.svg	tmp/apk/how-we-feel-export/png/mood_vengeful.png	tmp/apk/how-we-feel-decoded/res/drawable/mood_vengeful.xml
mood_vulnerable	tmp/apk/how-we-feel-export/svg/mood_vulnerable.svg	tmp/apk/how-we-feel-export/png/mood_vulnerable.png	tmp/apk/how-we-feel-decoded/res/drawable/mood_vulnerable.xml
mood_weary	tmp/apk/how-we-feel-export/svg/mood_weary.svg	tmp/apk/how-we-feel-export/png/mood_weary.png	tmp/apk/how-we-feel-decoded/res/drawable/mood_weary.xml
mood_welp	tmp/apk/how-we-feel-export/svg/mood_welp.svg	tmp/apk/how-we-feel-export/png/mood_welp.png	tmp/apk/how-we-feel-decoded/res/drawable/mood_welp.xml
mood_whole	tmp/apk/how-we-feel-export/svg/mood_whole.svg	tmp/apk/how-we-feel-export/png/mood_whole.png	tmp/apk/how-we-feel-decoded/res/drawable/mood_whole.xml
mood_wishful	tmp/apk/how-we-feel-export/svg/mood_wishful.svg	tmp/apk/how-we-feel-export/png/mood_wishful.png	tmp/apk/how-we-feel-decoded/res/drawable/mood_wishful.xml
mood_wistful	tmp/apk/how-we-feel-export/svg/mood_wistful.svg	tmp/apk/how-we-feel-export/png/mood_wistful.png	tmp/apk/how-we-feel-decoded/res/drawable/mood_wistful.xml
mood_worried	tmp/apk/how-we-feel-export/svg/mood_worried.svg	tmp/apk/how-we-feel-export/png/mood_worried.png	tmp/apk/how-we-feel-decoded/res/drawable/mood_worried.xml
mood_worthless	tmp/apk/how-we-feel-export/svg/mood_worthless.svg	tmp/apk/how-we-feel-export/png/mood_worthless.png	tmp/apk/how-we-feel-decoded/res/drawable/mood_worthless.xml
mood_zen	tmp/apk/how-we-feel-export/svg/mood_zen.svg	tmp/apk/how-we-feel-export/png/mood_zen.png	tmp/apk/how-we-feel-decoded/res/drawable/mood_zen.xml
